-1.783020853996276855e+00,0.000000000000000000e+00
-1.257252931594848633e+00,0.000000000000000000e+00
-1.095022320747375488e+00,0.000000000000000000e+00
-5.128064155578613281e-01,0.000000000000000000e+00
-9.767121672630310059e-01,0.000000000000000000e+00
-1.068209290504455566e+00,0.000000000000000000e+00
-1.875323772430419922e+00,0.000000000000000000e+00
-1.721264600753784180e+00,0.000000000000000000e+00
-8.042114973068237305e-02,0.000000000000000000e+00
-8.358002305030822754e-01,0.000000000000000000e+00
-9.238760471343994141e-01,0.000000000000000000e+00
-2.848319411277770996e-01,0.000000000000000000e+00
-1.164689421653747559e+00,0.000000000000000000e+00
-9.820592999458312988e-01,0.000000000000000000e+00
-9.532980322837829590e-01,0.000000000000000000e+00
-8.893414735794067383e-01,0.000000000000000000e+00
-8.915521502494812012e-01,0.000000000000000000e+00
-1.548613548278808594e+00,0.000000000000000000e+00
-1.085635781288146973e+00,0.000000000000000000e+00
-1.297723889350891113e+00,0.000000000000000000e+00
-9.813364148139953613e-01,0.000000000000000000e+00
-7.319101095199584961e-01,0.000000000000000000e+00
-8.536862134933471680e-01,0.000000000000000000e+00
-1.033342242240905762e+00,0.000000000000000000e+00
-7.374032139778137207e-01,0.000000000000000000e+00
-1.110428333282470703e+00,0.000000000000000000e+00
-5.742331743240356445e-01,0.000000000000000000e+00
-4.047579169273376465e-01,0.000000000000000000e+00
-8.264253735542297363e-01,0.000000000000000000e+00
-1.275390148162841797e+00,0.000000000000000000e+00
-5.823624134063720703e-01,0.000000000000000000e+00
-8.763830065727233887e-01,0.000000000000000000e+00
-1.170563936233520508e+00,0.000000000000000000e+00
-6.496838927268981934e-01,0.000000000000000000e+00
-1.433128118515014648e+00,0.000000000000000000e+00
-6.556603908538818359e-01,0.000000000000000000e+00
-7.254242897033691406e-01,0.000000000000000000e+00
-1.218653440475463867e+00,0.000000000000000000e+00
-7.397480010986328125e-01,0.000000000000000000e+00
-8.099145889282226562e-01,0.000000000000000000e+00
-4.975165128707885742e-01,0.000000000000000000e+00
-2.207846045494079590e-01,0.000000000000000000e+00
-1.228891968727111816e+00,0.000000000000000000e+00
-9.740873575210571289e-01,0.000000000000000000e+00
-1.166438698768615723e+00,0.000000000000000000e+00
-1.791435241699218750e+00,0.000000000000000000e+00
-7.083157300949096680e-01,0.000000000000000000e+00
2.804578542709350586e-01,0.000000000000000000e+00
-6.625892519950866699e-01,0.000000000000000000e+00
-1.739379048347473145e+00,0.000000000000000000e+00
-1.409138560295104980e+00,0.000000000000000000e+00
-1.753916263580322266e+00,0.000000000000000000e+00
-2.015284061431884766e+00,0.000000000000000000e+00
-5.351726412773132324e-01,0.000000000000000000e+00
-1.201363921165466309e+00,0.000000000000000000e+00
-1.141231179237365723e+00,0.000000000000000000e+00
-1.026863336563110352e+00,0.000000000000000000e+00
-7.349762320518493652e-01,0.000000000000000000e+00
-9.518675208091735840e-01,0.000000000000000000e+00
-8.701236248016357422e-01,0.000000000000000000e+00
-1.647460579872131348e+00,0.000000000000000000e+00
-1.351818919181823730e+00,0.000000000000000000e+00
-1.516010761260986328e+00,0.000000000000000000e+00
-1.012331962585449219e+00,0.000000000000000000e+00
-5.272357463836669922e-01,0.000000000000000000e+00
-6.896477937698364258e-01,0.000000000000000000e+00
-1.393092393875122070e+00,0.000000000000000000e+00
-9.516055583953857422e-01,0.000000000000000000e+00
-1.342385292053222656e+00,0.000000000000000000e+00
-9.844512939453125000e-01,0.000000000000000000e+00
-8.509855270385742188e-01,0.000000000000000000e+00
-1.214754581451416016e+00,0.000000000000000000e+00
-1.030646443367004395e+00,0.000000000000000000e+00
3.045045137405395508e-01,0.000000000000000000e+00
-2.375516891479492188e+00,0.000000000000000000e+00
-1.415483593940734863e+00,0.000000000000000000e+00
-7.190148830413818359e-01,0.000000000000000000e+00
-1.688526153564453125e+00,0.000000000000000000e+00
-1.594807147979736328e+00,0.000000000000000000e+00
-4.276779294013977051e-01,0.000000000000000000e+00
-1.299894094467163086e+00,0.000000000000000000e+00
-4.232409000396728516e-01,0.000000000000000000e+00
-1.101538896560668945e+00,0.000000000000000000e+00
-1.589662551879882812e+00,0.000000000000000000e+00
-1.708897471427917480e+00,0.000000000000000000e+00
-9.247152209281921387e-01,0.000000000000000000e+00
-1.764767169952392578e+00,0.000000000000000000e+00
-7.482919692993164062e-01,0.000000000000000000e+00
-1.085712432861328125e+00,0.000000000000000000e+00
-1.708721041679382324e+00,0.000000000000000000e+00
-1.362946271896362305e+00,0.000000000000000000e+00
-1.220833182334899902e+00,0.000000000000000000e+00
-1.017638444900512695e+00,0.000000000000000000e+00
-1.375686407089233398e+00,0.000000000000000000e+00
-1.173605680465698242e+00,0.000000000000000000e+00
-6.705935597419738770e-01,0.000000000000000000e+00
-1.050330877304077148e+00,0.000000000000000000e+00
-9.526790380477905273e-01,0.000000000000000000e+00
-7.771385312080383301e-01,0.000000000000000000e+00
-2.761868238449096680e-01,0.000000000000000000e+00
-5.702533721923828125e-01,0.000000000000000000e+00
-1.071561336517333984e+00,0.000000000000000000e+00
-9.517184495925903320e-01,0.000000000000000000e+00
-7.863352298736572266e-01,0.000000000000000000e+00
-1.163653254508972168e+00,0.000000000000000000e+00
-1.723618745803833008e+00,0.000000000000000000e+00
-8.570267558097839355e-01,0.000000000000000000e+00
-1.334374070167541504e+00,0.000000000000000000e+00
-1.481668472290039062e+00,0.000000000000000000e+00
-1.218695521354675293e+00,0.000000000000000000e+00
-1.851679086685180664e+00,0.000000000000000000e+00
-6.930438280105590820e-01,0.000000000000000000e+00
-1.025488615036010742e+00,0.000000000000000000e+00
-1.050466775894165039e+00,0.000000000000000000e+00
-8.119959831237792969e-01,0.000000000000000000e+00
-1.160725712776184082e+00,0.000000000000000000e+00
-8.645228147506713867e-01,0.000000000000000000e+00
-1.262595057487487793e+00,0.000000000000000000e+00
-5.879262685775756836e-01,0.000000000000000000e+00
-4.799653887748718262e-01,0.000000000000000000e+00
-6.805070638656616211e-01,0.000000000000000000e+00
-7.467436790466308594e-01,0.000000000000000000e+00
-1.375137090682983398e+00,0.000000000000000000e+00
-7.604956626892089844e-04,0.000000000000000000e+00
-5.850503444671630859e-01,0.000000000000000000e+00
-2.490283250808715820e-01,0.000000000000000000e+00
-9.311968684196472168e-01,0.000000000000000000e+00
-1.306632637977600098e+00,0.000000000000000000e+00
-1.324751973152160645e+00,0.000000000000000000e+00
-9.513999223709106445e-01,0.000000000000000000e+00
-8.297977447509765625e-01,0.000000000000000000e+00
-9.159063696861267090e-01,0.000000000000000000e+00
-5.918114185333251953e-01,0.000000000000000000e+00
-4.750165343284606934e-01,0.000000000000000000e+00
-2.562072873115539551e-01,0.000000000000000000e+00
-2.662452459335327148e-01,0.000000000000000000e+00
-1.055076122283935547e+00,0.000000000000000000e+00
-8.371464014053344727e-01,0.000000000000000000e+00
-2.932540774345397949e-01,0.000000000000000000e+00
-2.501363277435302734e+00,0.000000000000000000e+00
-1.861236095428466797e-01,0.000000000000000000e+00
-9.328125119209289551e-01,0.000000000000000000e+00
-1.014218449592590332e+00,0.000000000000000000e+00
-9.559020996093750000e-01,0.000000000000000000e+00
-6.566010713577270508e-01,0.000000000000000000e+00
-1.239572405815124512e+00,0.000000000000000000e+00
-1.410721063613891602e+00,0.000000000000000000e+00
-4.693865776062011719e-01,0.000000000000000000e+00
-4.924867749214172363e-01,0.000000000000000000e+00
-4.786142110824584961e-01,0.000000000000000000e+00
-1.224844574928283691e+00,0.000000000000000000e+00
-1.349660396575927734e+00,0.000000000000000000e+00
-1.808273553848266602e+00,0.000000000000000000e+00
-1.356630802154541016e+00,0.000000000000000000e+00
-1.310703516006469727e+00,0.000000000000000000e+00
-1.972872972488403320e+00,0.000000000000000000e+00
-2.340620160102844238e-01,0.000000000000000000e+00
-1.181468844413757324e+00,0.000000000000000000e+00
-1.966227889060974121e-01,0.000000000000000000e+00
-1.115838766098022461e+00,0.000000000000000000e+00
-1.414321422576904297e+00,0.000000000000000000e+00
-8.913685083389282227e-01,0.000000000000000000e+00
-1.244854569435119629e+00,0.000000000000000000e+00
-5.298354029655456543e-01,0.000000000000000000e+00
-5.728700757026672363e-01,0.000000000000000000e+00
-5.833802223205566406e-01,0.000000000000000000e+00
-1.350455880165100098e+00,0.000000000000000000e+00
-1.275942564010620117e+00,0.000000000000000000e+00
-8.525346517562866211e-01,0.000000000000000000e+00
-1.557563304901123047e+00,0.000000000000000000e+00
-1.420411109924316406e+00,0.000000000000000000e+00
-7.057436704635620117e-01,0.000000000000000000e+00
-1.438787341117858887e+00,0.000000000000000000e+00
-1.834592819213867188e+00,0.000000000000000000e+00
-1.765153884887695312e+00,0.000000000000000000e+00
-6.433086991310119629e-01,0.000000000000000000e+00
-1.521093606948852539e+00,0.000000000000000000e+00
-1.136217832565307617e+00,0.000000000000000000e+00
2.819347381591796875e-01,0.000000000000000000e+00
-8.101471066474914551e-01,0.000000000000000000e+00
-1.607487201690673828e+00,0.000000000000000000e+00
-1.096024870872497559e+00,0.000000000000000000e+00
-6.352082490921020508e-01,0.000000000000000000e+00
-9.150650501251220703e-01,0.000000000000000000e+00
-2.427885532379150391e-01,0.000000000000000000e+00
-1.331354618072509766e+00,0.000000000000000000e+00
-1.412177920341491699e+00,0.000000000000000000e+00
-4.595921039581298828e-01,0.000000000000000000e+00
-1.257346749305725098e+00,0.000000000000000000e+00
-9.040037989616394043e-01,0.000000000000000000e+00
-4.609225392341613770e-01,0.000000000000000000e+00
-5.000760555267333984e-01,0.000000000000000000e+00
-8.717688322067260742e-01,0.000000000000000000e+00
4.242157936096191406e-01,0.000000000000000000e+00
-4.485209584236145020e-01,0.000000000000000000e+00
-9.980287551879882812e-01,0.000000000000000000e+00
-8.654205799102783203e-01,0.000000000000000000e+00
-1.150979995727539062e+00,0.000000000000000000e+00
-1.011598706245422363e+00,0.000000000000000000e+00
-7.056704759597778320e-01,0.000000000000000000e+00
-1.392946839332580566e+00,0.000000000000000000e+00
-2.321364283561706543e-01,0.000000000000000000e+00
-1.803285598754882812e+00,0.000000000000000000e+00
-1.053388237953186035e+00,0.000000000000000000e+00
-4.296788573265075684e-01,0.000000000000000000e+00
-1.278999924659729004e+00,0.000000000000000000e+00
-4.086513519287109375e-01,0.000000000000000000e+00
-2.534499645233154297e+00,0.000000000000000000e+00
-5.532080531120300293e-01,0.000000000000000000e+00
-1.498329281806945801e+00,0.000000000000000000e+00
-1.206046462059020996e+00,0.000000000000000000e+00
-4.946305751800537109e-01,0.000000000000000000e+00
-1.377368688583374023e+00,0.000000000000000000e+00
-6.336148977279663086e-01,0.000000000000000000e+00
-8.100439310073852539e-01,0.000000000000000000e+00
-1.361492156982421875e+00,0.000000000000000000e+00
-1.505126595497131348e+00,0.000000000000000000e+00
-1.887558817863464355e+00,0.000000000000000000e+00
-6.795294284820556641e-01,0.000000000000000000e+00
-8.069829344749450684e-01,0.000000000000000000e+00
-1.137432098388671875e+00,0.000000000000000000e+00
-1.201193571090698242e+00,0.000000000000000000e+00
-1.097436070442199707e+00,0.000000000000000000e+00
-6.455349922180175781e-02,0.000000000000000000e+00
-1.620072841644287109e+00,0.000000000000000000e+00
-7.588429450988769531e-01,0.000000000000000000e+00
-1.366166710853576660e+00,0.000000000000000000e+00
-1.136197090148925781e+00,0.000000000000000000e+00
-8.757219314575195312e-01,0.000000000000000000e+00
-1.722728848457336426e+00,0.000000000000000000e+00
-5.859801769256591797e-01,0.000000000000000000e+00
-1.742266416549682617e+00,0.000000000000000000e+00
-7.022926807403564453e-01,0.000000000000000000e+00
-3.278988003730773926e-01,0.000000000000000000e+00
-7.798197269439697266e-01,0.000000000000000000e+00
-8.908801078796386719e-01,0.000000000000000000e+00
-1.224329948425292969e+00,0.000000000000000000e+00
-7.745879888534545898e-01,0.000000000000000000e+00
-1.144993662834167480e+00,0.000000000000000000e+00
-9.997867941856384277e-01,0.000000000000000000e+00
-1.040315628051757812e+00,0.000000000000000000e+00
-9.512687325477600098e-01,0.000000000000000000e+00
-1.255205750465393066e+00,0.000000000000000000e+00
1.175932884216308594e-01,0.000000000000000000e+00
-8.908882737159729004e-01,0.000000000000000000e+00
-9.640100598335266113e-01,0.000000000000000000e+00
-9.248916506767272949e-01,0.000000000000000000e+00
-9.645561575889587402e-01,0.000000000000000000e+00
-1.190207719802856445e+00,0.000000000000000000e+00
-1.930922865867614746e+00,0.000000000000000000e+00
-9.258178472518920898e-01,0.000000000000000000e+00
-9.117454290390014648e-01,0.000000000000000000e+00
-1.202212095260620117e+00,0.000000000000000000e+00
-8.180490732192993164e-01,0.000000000000000000e+00
-9.429501295089721680e-01,0.000000000000000000e+00
-1.429435372352600098e+00,0.000000000000000000e+00
-2.282404422760009766e+00,0.000000000000000000e+00
-7.205657958984375000e-01,0.000000000000000000e+00
-7.805472612380981445e-01,0.000000000000000000e+00
-8.445930480957031250e-01,0.000000000000000000e+00
-1.283931612968444824e+00,0.000000000000000000e+00
-1.317568063735961914e+00,0.000000000000000000e+00
-9.971501827239990234e-01,0.000000000000000000e+00
1.565579175949096680e-01,0.000000000000000000e+00
-5.596078634262084961e-01,0.000000000000000000e+00
-7.392842769622802734e-01,0.000000000000000000e+00
-5.353909134864807129e-01,0.000000000000000000e+00
-3.619111180305480957e-01,0.000000000000000000e+00
-1.252060890197753906e+00,0.000000000000000000e+00
2.226209640502929688e-02,0.000000000000000000e+00
-1.454276800155639648e+00,0.000000000000000000e+00
-6.616234779357910156e-01,0.000000000000000000e+00
-9.943335652351379395e-01,0.000000000000000000e+00
-6.600944995880126953e-01,0.000000000000000000e+00
-6.040542125701904297e-01,0.000000000000000000e+00
-9.605495333671569824e-01,0.000000000000000000e+00
-6.956254243850708008e-01,0.000000000000000000e+00
-1.374440670013427734e+00,0.000000000000000000e+00
-1.160943984985351562e+00,0.000000000000000000e+00
-5.680266618728637695e-01,0.000000000000000000e+00
-1.199429869651794434e+00,0.000000000000000000e+00
-5.072631835937500000e-01,0.000000000000000000e+00
-1.035067796707153320e+00,0.000000000000000000e+00
-2.445649504661560059e-01,0.000000000000000000e+00
-5.572356581687927246e-01,0.000000000000000000e+00
-1.073774099349975586e-01,0.000000000000000000e+00
-1.158888101577758789e+00,0.000000000000000000e+00
-6.731722354888916016e-01,0.000000000000000000e+00
-1.101511836051940918e+00,0.000000000000000000e+00
-6.000145673751831055e-01,0.000000000000000000e+00
-3.434927463531494141e-01,0.000000000000000000e+00
-7.387949228286743164e-01,0.000000000000000000e+00
-2.609378695487976074e-01,0.000000000000000000e+00
-1.084560871124267578e+00,0.000000000000000000e+00
-1.001500606536865234e+00,0.000000000000000000e+00
-1.072431445121765137e+00,0.000000000000000000e+00
-9.191420674324035645e-01,0.000000000000000000e+00
-7.649530172348022461e-01,0.000000000000000000e+00
-3.197836875915527344e-01,0.000000000000000000e+00
-1.778897762298583984e+00,0.000000000000000000e+00
-8.859344720840454102e-01,0.000000000000000000e+00
-2.144210338592529297e-01,0.000000000000000000e+00
-8.396017551422119141e-02,0.000000000000000000e+00
-5.759081244468688965e-01,0.000000000000000000e+00
-9.904359579086303711e-01,0.000000000000000000e+00
-1.847268223762512207e+00,0.000000000000000000e+00
-1.417113542556762695e+00,0.000000000000000000e+00
-7.128469944000244141e-01,0.000000000000000000e+00
-3.185436725616455078e-01,0.000000000000000000e+00
-1.307466983795166016e+00,0.000000000000000000e+00
-1.074136018753051758e+00,0.000000000000000000e+00
-9.831566810607910156e-01,0.000000000000000000e+00
-1.680320620536804199e+00,0.000000000000000000e+00
-2.919654846191406250e-01,0.000000000000000000e+00
-1.263670921325683594e+00,0.000000000000000000e+00
-1.014824867248535156e+00,0.000000000000000000e+00
1.186004877090454102e-01,0.000000000000000000e+00
-6.150792837142944336e-01,0.000000000000000000e+00
-3.800447583198547363e-01,0.000000000000000000e+00
-1.241832852363586426e+00,0.000000000000000000e+00
-8.863328695297241211e-01,0.000000000000000000e+00
-7.425990104675292969e-01,0.000000000000000000e+00
-2.186951041221618652e-01,0.000000000000000000e+00
-1.683872222900390625e+00,0.000000000000000000e+00
-1.110119342803955078e+00,0.000000000000000000e+00
-1.632962822914123535e+00,0.000000000000000000e+00
-1.315176010131835938e+00,0.000000000000000000e+00
-1.006438136100769043e+00,0.000000000000000000e+00
-4.012582302093505859e-01,0.000000000000000000e+00
-1.140452146530151367e+00,0.000000000000000000e+00
-1.425910472869873047e+00,0.000000000000000000e+00
-1.110153436660766602e+00,0.000000000000000000e+00
2.032400369644165039e-01,0.000000000000000000e+00
-1.005905151367187500e+00,0.000000000000000000e+00
-1.468511343002319336e+00,0.000000000000000000e+00
-1.895870327949523926e+00,0.000000000000000000e+00
-9.409774541854858398e-01,0.000000000000000000e+00
-9.957930445671081543e-01,0.000000000000000000e+00
-2.941607236862182617e-01,0.000000000000000000e+00
-5.649498701095581055e-01,0.000000000000000000e+00
-5.340425968170166016e-01,0.000000000000000000e+00
-4.715253710746765137e-01,0.000000000000000000e+00
-9.059698581695556641e-01,0.000000000000000000e+00
-1.946209549903869629e+00,0.000000000000000000e+00
-7.074897289276123047e-01,0.000000000000000000e+00
-6.677877902984619141e-01,0.000000000000000000e+00
-4.280976653099060059e-01,0.000000000000000000e+00
-8.910275101661682129e-01,0.000000000000000000e+00
-1.118146300315856934e+00,0.000000000000000000e+00
-6.136040687561035156e-01,0.000000000000000000e+00
-1.074451804161071777e+00,0.000000000000000000e+00
-6.340126991271972656e-01,0.000000000000000000e+00
-6.898769736289978027e-01,0.000000000000000000e+00
3.012162446975708008e-01,0.000000000000000000e+00
-1.569910287857055664e+00,0.000000000000000000e+00
-1.000015020370483398e+00,0.000000000000000000e+00
-1.350738286972045898e+00,0.000000000000000000e+00
-8.029786348342895508e-01,0.000000000000000000e+00
-4.657171368598937988e-01,0.000000000000000000e+00
-6.848712563514709473e-01,0.000000000000000000e+00
-1.601976871490478516e+00,0.000000000000000000e+00
-1.814912557601928711e+00,0.000000000000000000e+00
-1.502905488014221191e+00,0.000000000000000000e+00
-6.398173570632934570e-01,0.000000000000000000e+00
-4.479719996452331543e-01,0.000000000000000000e+00
-1.825544834136962891e+00,0.000000000000000000e+00
-1.036796450614929199e+00,0.000000000000000000e+00
-3.139315247535705566e-01,0.000000000000000000e+00
-7.640022635459899902e-01,0.000000000000000000e+00
-3.855182528495788574e-01,0.000000000000000000e+00
-1.898128867149353027e+00,0.000000000000000000e+00
-4.305559992790222168e-01,0.000000000000000000e+00
-1.541591763496398926e+00,0.000000000000000000e+00
-5.717810392379760742e-01,0.000000000000000000e+00
-1.101280927658081055e+00,0.000000000000000000e+00
-2.981272339820861816e-01,0.000000000000000000e+00
-1.507442593574523926e+00,0.000000000000000000e+00
-2.490744590759277344e-01,0.000000000000000000e+00
-1.070443272590637207e+00,0.000000000000000000e+00
-1.502780318260192871e-01,0.000000000000000000e+00
-8.072496652603149414e-01,0.000000000000000000e+00
-6.510145664215087891e-01,0.000000000000000000e+00
3.438627719879150391e-02,0.000000000000000000e+00
-1.476461648941040039e+00,0.000000000000000000e+00
-4.782810211181640625e-01,0.000000000000000000e+00
-1.510344743728637695e+00,0.000000000000000000e+00
-1.296212911605834961e+00,0.000000000000000000e+00
-7.362831830978393555e-01,0.000000000000000000e+00
-1.234185099601745605e+00,0.000000000000000000e+00
-7.317190766334533691e-01,0.000000000000000000e+00
-9.221107959747314453e-01,0.000000000000000000e+00
-1.992501497268676758e+00,0.000000000000000000e+00
-4.578279852867126465e-01,0.000000000000000000e+00
-1.325532913208007812e+00,0.000000000000000000e+00
-1.587174892425537109e+00,0.000000000000000000e+00
-1.000052094459533691e+00,0.000000000000000000e+00
-1.340050220489501953e+00,0.000000000000000000e+00
-4.388190507888793945e-01,0.000000000000000000e+00
-1.294995784759521484e+00,0.000000000000000000e+00
-9.208193421363830566e-01,0.000000000000000000e+00
-1.342415213584899902e-01,0.000000000000000000e+00
-1.467547774314880371e+00,0.000000000000000000e+00
-1.010783314704895020e+00,0.000000000000000000e+00
-1.802202463150024414e-01,0.000000000000000000e+00
-5.356910228729248047e-01,0.000000000000000000e+00
-1.257043004035949707e+00,0.000000000000000000e+00
-4.464437365531921387e-01,0.000000000000000000e+00
-8.277969956398010254e-01,0.000000000000000000e+00
-5.305758714675903320e-01,0.000000000000000000e+00
-1.638580083847045898e+00,0.000000000000000000e+00
-1.269438266754150391e+00,0.000000000000000000e+00
-2.152554988861083984e+00,0.000000000000000000e+00
-6.303845643997192383e-01,0.000000000000000000e+00
-1.352066636085510254e+00,0.000000000000000000e+00
-1.274397134780883789e+00,0.000000000000000000e+00
-9.557785391807556152e-01,0.000000000000000000e+00
-1.229757308959960938e+00,0.000000000000000000e+00
-3.866371512413024902e-01,0.000000000000000000e+00
-4.636270403861999512e-01,0.000000000000000000e+00
-1.943766951560974121e+00,0.000000000000000000e+00
-8.461965918540954590e-01,0.000000000000000000e+00
-1.176591038703918457e+00,0.000000000000000000e+00
-1.625904440879821777e+00,0.000000000000000000e+00
-1.309899926185607910e+00,0.000000000000000000e+00
-3.615044355392456055e-01,0.000000000000000000e+00
-4.586764574050903320e-01,0.000000000000000000e+00
-7.436995506286621094e-01,0.000000000000000000e+00
-5.800727009773254395e-01,0.000000000000000000e+00
-2.021039128303527832e-01,0.000000000000000000e+00
-6.360709667205810547e-01,0.000000000000000000e+00
-6.833626031875610352e-01,0.000000000000000000e+00
-1.657048344612121582e+00,0.000000000000000000e+00
-1.071111202239990234e+00,0.000000000000000000e+00
-1.221153140068054199e+00,0.000000000000000000e+00
-1.776414632797241211e+00,0.000000000000000000e+00
-1.368007659912109375e+00,0.000000000000000000e+00
-4.822469353675842285e-01,0.000000000000000000e+00
-1.407420516014099121e+00,0.000000000000000000e+00
-4.571698904037475586e-01,0.000000000000000000e+00
-3.848199844360351562e-01,0.000000000000000000e+00
-5.302894115447998047e-01,0.000000000000000000e+00
-1.419971823692321777e+00,0.000000000000000000e+00
-6.207942962646484375e-02,0.000000000000000000e+00
-2.430109024047851562e+00,0.000000000000000000e+00
-9.916293025016784668e-01,0.000000000000000000e+00
-8.441211581230163574e-01,0.000000000000000000e+00
-1.586922764778137207e+00,0.000000000000000000e+00
-4.431027770042419434e-01,0.000000000000000000e+00
-5.277172327041625977e-01,0.000000000000000000e+00
-6.543515920639038086e-01,0.000000000000000000e+00
-1.000641226768493652e+00,0.000000000000000000e+00
-6.362321376800537109e-01,0.000000000000000000e+00
-1.421191334724426270e+00,0.000000000000000000e+00
-1.994709372520446777e-01,0.000000000000000000e+00
-1.240337610244750977e+00,0.000000000000000000e+00
-5.416110157966613770e-01,0.000000000000000000e+00
-9.833401441574096680e-01,0.000000000000000000e+00
-6.810667514801025391e-01,0.000000000000000000e+00
-1.093939423561096191e+00,0.000000000000000000e+00
-1.463246822357177734e+00,0.000000000000000000e+00
-1.490811824798583984e+00,0.000000000000000000e+00
-1.060156106948852539e+00,0.000000000000000000e+00
-5.339579582214355469e-01,0.000000000000000000e+00
-5.748189091682434082e-01,0.000000000000000000e+00
-1.039596557617187500e+00,0.000000000000000000e+00
-5.826754570007324219e-01,0.000000000000000000e+00
7.768070697784423828e-02,0.000000000000000000e+00
-3.734121322631835938e-01,0.000000000000000000e+00
-1.199882268905639648e+00,0.000000000000000000e+00
-1.408242940902709961e+00,0.000000000000000000e+00
-9.732652902603149414e-01,0.000000000000000000e+00
-1.179445981979370117e+00,0.000000000000000000e+00
-1.422532081604003906e+00,0.000000000000000000e+00
-8.859558105468750000e-01,0.000000000000000000e+00
-1.369782209396362305e+00,0.000000000000000000e+00
-9.720050692558288574e-01,0.000000000000000000e+00
-1.408318638801574707e+00,0.000000000000000000e+00
-8.168143630027770996e-01,0.000000000000000000e+00
-6.002340316772460938e-01,0.000000000000000000e+00
-1.172368645668029785e+00,0.000000000000000000e+00
-5.896266698837280273e-01,0.000000000000000000e+00
-1.074921250343322754e+00,0.000000000000000000e+00
-9.227169156074523926e-01,0.000000000000000000e+00
-8.766865730285644531e-02,0.000000000000000000e+00
-9.326177835464477539e-01,0.000000000000000000e+00
-9.417566657066345215e-01,0.000000000000000000e+00
-7.287780642509460449e-01,0.000000000000000000e+00
-1.192563176155090332e+00,0.000000000000000000e+00
-1.274456024169921875e+00,0.000000000000000000e+00
-6.924886107444763184e-01,0.000000000000000000e+00
-1.446058034896850586e+00,0.000000000000000000e+00
-1.504978895187377930e+00,0.000000000000000000e+00
-1.109359264373779297e+00,0.000000000000000000e+00
-1.226526021957397461e+00,0.000000000000000000e+00
-1.217865586280822754e+00,0.000000000000000000e+00
-1.481382369995117188e+00,0.000000000000000000e+00
-1.027315855026245117e+00,0.000000000000000000e+00
-5.563423633575439453e-01,0.000000000000000000e+00
-1.507767438888549805e+00,0.000000000000000000e+00
-1.253006696701049805e+00,0.000000000000000000e+00
6.108545660972595215e-01,1.000000000000000000e+00
8.731784224510192871e-01,1.000000000000000000e+00
1.226767659187316895e+00,1.000000000000000000e+00
3.890427947044372559e-01,1.000000000000000000e+00
1.822565317153930664e+00,1.000000000000000000e+00
6.285800933837890625e-01,1.000000000000000000e+00
8.957868814468383789e-01,1.000000000000000000e+00
2.711490392684936523e-01,1.000000000000000000e+00
4.493754506111145020e-01,1.000000000000000000e+00
2.241303324699401855e-01,1.000000000000000000e+00
1.194341540336608887e+00,1.000000000000000000e+00
1.318859457969665527e+00,1.000000000000000000e+00
1.352693319320678711e+00,1.000000000000000000e+00
1.616930723190307617e+00,1.000000000000000000e+00
1.194336771965026855e+00,1.000000000000000000e+00
1.366746068000793457e+00,1.000000000000000000e+00
1.005637884140014648e+00,1.000000000000000000e+00
1.301228404045104980e+00,1.000000000000000000e+00
8.349934220314025879e-01,1.000000000000000000e+00
1.548161506652832031e+00,1.000000000000000000e+00
1.299055933952331543e+00,1.000000000000000000e+00
1.043938159942626953e+00,1.000000000000000000e+00
1.050985932350158691e+00,1.000000000000000000e+00
1.461398839950561523e+00,1.000000000000000000e+00
1.270265102386474609e+00,1.000000000000000000e+00
1.120039463043212891e+00,1.000000000000000000e+00
1.787842512130737305e+00,1.000000000000000000e+00
1.604691147804260254e+00,1.000000000000000000e+00
9.531575441360473633e-01,1.000000000000000000e+00
1.798171043395996094e+00,1.000000000000000000e+00
1.504702568054199219e+00,1.000000000000000000e+00
2.045124530792236328e+00,1.000000000000000000e+00
1.470495462417602539e+00,1.000000000000000000e+00
-2.125980854034423828e-01,1.000000000000000000e+00
1.691642522811889648e+00,1.000000000000000000e+00
9.622396826744079590e-01,1.000000000000000000e+00
1.888987064361572266e+00,1.000000000000000000e+00
1.172945022583007812e+00,1.000000000000000000e+00
9.040641784667968750e-02,1.000000000000000000e+00
9.555434584617614746e-01,1.000000000000000000e+00
8.329658508300781250e-01,1.000000000000000000e+00
1.404335618019104004e+00,1.000000000000000000e+00
2.407194375991821289e+00,1.000000000000000000e+00
6.178491115570068359e-01,1.000000000000000000e+00
-2.561010122299194336e-01,1.000000000000000000e+00
1.268403768539428711e+00,1.000000000000000000e+00
9.647179841995239258e-01,1.000000000000000000e+00
1.499357342720031738e+00,1.000000000000000000e+00
8.385434150695800781e-01,1.000000000000000000e+00
4.598167538642883301e-01,1.000000000000000000e+00
1.242699265480041504e+00,1.000000000000000000e+00
2.175171852111816406e+00,1.000000000000000000e+00
2.164711475372314453e+00,1.000000000000000000e+00
7.780309915542602539e-01,1.000000000000000000e+00
7.914804220199584961e-01,1.000000000000000000e+00
1.445049524307250977e+00,1.000000000000000000e+00
1.049359917640686035e+00,1.000000000000000000e+00
6.982729434967041016e-01,1.000000000000000000e+00
2.592089653015136719e+00,1.000000000000000000e+00
7.002763748168945312e-01,1.000000000000000000e+00
6.999073624610900879e-01,1.000000000000000000e+00
1.137011170387268066e+00,1.000000000000000000e+00
1.891728997230529785e+00,1.000000000000000000e+00
5.517910718917846680e-01,1.000000000000000000e+00
1.599177598953247070e+00,1.000000000000000000e+00
5.195658206939697266e-01,1.000000000000000000e+00
1.058227300643920898e+00,1.000000000000000000e+00
7.600681781768798828e-01,1.000000000000000000e+00
7.127904891967773438e-01,1.000000000000000000e+00
4.121521115303039551e-01,1.000000000000000000e+00
9.897072911262512207e-01,1.000000000000000000e+00
1.564898729324340820e+00,1.000000000000000000e+00
7.763588428497314453e-01,1.000000000000000000e+00
1.306080937385559082e+00,1.000000000000000000e+00
9.768331646919250488e-01,1.000000000000000000e+00
6.851842403411865234e-01,1.000000000000000000e+00
7.684267163276672363e-01,1.000000000000000000e+00
1.177321195602416992e+00,1.000000000000000000e+00
1.614436864852905273e+00,1.000000000000000000e+00
3.295839428901672363e-01,1.000000000000000000e+00
2.965768575668334961e-01,1.000000000000000000e+00
9.987241625785827637e-01,1.000000000000000000e+00
7.743445038795471191e-01,1.000000000000000000e+00
1.257141470909118652e+00,1.000000000000000000e+00
9.509061574935913086e-01,1.000000000000000000e+00
7.652410268783569336e-01,1.000000000000000000e+00
1.239027738571166992e+00,1.000000000000000000e+00
1.578253507614135742e+00,1.000000000000000000e+00
4.881150126457214355e-01,1.000000000000000000e+00
8.400428295135498047e-02,1.000000000000000000e+00
1.535730123519897461e+00,1.000000000000000000e+00
4.533933401107788086e-01,1.000000000000000000e+00
9.872429966926574707e-01,1.000000000000000000e+00
1.939302206039428711e+00,1.000000000000000000e+00
7.328298687934875488e-01,1.000000000000000000e+00
1.982563972473144531e+00,1.000000000000000000e+00
9.629088640213012695e-01,1.000000000000000000e+00
6.042608618736267090e-01,1.000000000000000000e+00
1.142953157424926758e+00,1.000000000000000000e+00
1.323320508003234863e+00,1.000000000000000000e+00
7.930591106414794922e-01,1.000000000000000000e+00
7.655221223831176758e-01,1.000000000000000000e+00
9.172741770744323730e-01,1.000000000000000000e+00
8.042874932289123535e-01,1.000000000000000000e+00
1.438598275184631348e+00,1.000000000000000000e+00
1.755797863006591797e+00,1.000000000000000000e+00
1.525087833404541016e+00,1.000000000000000000e+00
2.856646180152893066e-01,1.000000000000000000e+00
2.319811582565307617e-01,1.000000000000000000e+00
1.732818722724914551e+00,1.000000000000000000e+00
1.409827232360839844e+00,1.000000000000000000e+00
1.179703474044799805e+00,1.000000000000000000e+00
1.578546643257141113e+00,1.000000000000000000e+00
2.998253703117370605e-01,1.000000000000000000e+00
9.162847995758056641e-01,1.000000000000000000e+00
2.559836506843566895e-01,1.000000000000000000e+00
6.689877510070800781e-01,1.000000000000000000e+00
1.338760733604431152e+00,1.000000000000000000e+00
9.523966908454895020e-01,1.000000000000000000e+00
1.552034854888916016e+00,1.000000000000000000e+00
4.090210795402526855e-01,1.000000000000000000e+00
1.190279722213745117e-01,1.000000000000000000e+00
1.198650836944580078e+00,1.000000000000000000e+00
1.109265685081481934e+00,1.000000000000000000e+00
5.496357679367065430e-01,1.000000000000000000e+00
1.175569057464599609e+00,1.000000000000000000e+00
8.572986125946044922e-01,1.000000000000000000e+00
1.020002722740173340e+00,1.000000000000000000e+00
7.370160818099975586e-01,1.000000000000000000e+00
1.202570915222167969e+00,1.000000000000000000e+00
1.057789921760559082e+00,1.000000000000000000e+00
1.568177700042724609e+00,1.000000000000000000e+00
1.138396024703979492e+00,1.000000000000000000e+00
5.943382978439331055e-01,1.000000000000000000e+00
-4.462529420852661133e-01,1.000000000000000000e+00
7.931696176528930664e-01,1.000000000000000000e+00
1.370596289634704590e+00,1.000000000000000000e+00
6.656262874603271484e-01,1.000000000000000000e+00
-2.864980697631835938e-02,1.000000000000000000e+00
2.446528434753417969e+00,1.000000000000000000e+00
7.832363843917846680e-01,1.000000000000000000e+00
1.327300548553466797e+00,1.000000000000000000e+00
1.534420013427734375e+00,1.000000000000000000e+00
8.048095703125000000e-01,1.000000000000000000e+00
2.781125307083129883e-01,1.000000000000000000e+00
1.138166666030883789e+00,1.000000000000000000e+00
4.241472482681274414e-01,1.000000000000000000e+00
7.946994304656982422e-01,1.000000000000000000e+00
9.927356243133544922e-01,1.000000000000000000e+00
9.556742906570434570e-01,1.000000000000000000e+00
8.898178339004516602e-01,1.000000000000000000e+00
1.201761245727539062e+00,1.000000000000000000e+00
8.203284740447998047e-01,1.000000000000000000e+00
5.993035435676574707e-01,1.000000000000000000e+00
9.113429188728332520e-01,1.000000000000000000e+00
1.763977885246276855e+00,1.000000000000000000e+00
7.232291698455810547e-01,1.000000000000000000e+00
9.957995414733886719e-01,1.000000000000000000e+00
1.776132822036743164e+00,1.000000000000000000e+00
1.460559010505676270e+00,1.000000000000000000e+00
1.949771165847778320e+00,1.000000000000000000e+00
8.164649009704589844e-01,1.000000000000000000e+00
5.386549234390258789e-01,1.000000000000000000e+00
9.904882311820983887e-01,1.000000000000000000e+00
1.172901868820190430e+00,1.000000000000000000e+00
8.919410705566406250e-01,1.000000000000000000e+00
3.546147346496582031e-01,1.000000000000000000e+00
1.252732753753662109e+00,1.000000000000000000e+00
1.655110836029052734e+00,1.000000000000000000e+00
1.034544587135314941e+00,1.000000000000000000e+00
4.832824468612670898e-01,1.000000000000000000e+00
1.203292608261108398e-02,1.000000000000000000e+00
7.891465425491333008e-01,1.000000000000000000e+00
7.674428224563598633e-01,1.000000000000000000e+00
1.167126655578613281e+00,1.000000000000000000e+00
1.634468317031860352e+00,1.000000000000000000e+00
3.683816194534301758e-01,1.000000000000000000e+00
9.329417347908020020e-01,1.000000000000000000e+00
1.540754318237304688e+00,1.000000000000000000e+00
8.693682551383972168e-01,1.000000000000000000e+00
6.196899414062500000e-01,1.000000000000000000e+00
1.139125466346740723e+00,1.000000000000000000e+00
1.185490846633911133e+00,1.000000000000000000e+00
1.984460473060607910e+00,1.000000000000000000e+00
1.047920823097229004e+00,1.000000000000000000e+00
1.690618038177490234e+00,1.000000000000000000e+00
4.816782474517822266e-01,1.000000000000000000e+00
8.316799998283386230e-01,1.000000000000000000e+00
1.269596099853515625e+00,1.000000000000000000e+00
2.136467099189758301e-01,1.000000000000000000e+00
1.547926664352416992e+00,1.000000000000000000e+00
8.403323888778686523e-01,1.000000000000000000e+00
1.309033393859863281e+00,1.000000000000000000e+00
1.385185718536376953e+00,1.000000000000000000e+00
1.672172427177429199e+00,1.000000000000000000e+00
1.281997561454772949e+00,1.000000000000000000e+00
5.702250003814697266e-01,1.000000000000000000e+00
5.625473260879516602e-01,1.000000000000000000e+00
1.455726027488708496e-01,1.000000000000000000e+00
7.927998900413513184e-01,1.000000000000000000e+00
1.123810410499572754e+00,1.000000000000000000e+00
1.025310158729553223e+00,1.000000000000000000e+00
7.033309936523437500e-01,1.000000000000000000e+00
6.987409591674804688e-01,1.000000000000000000e+00
9.929381608963012695e-01,1.000000000000000000e+00
5.359935760498046875e-01,1.000000000000000000e+00
1.675061225891113281e+00,1.000000000000000000e+00
3.636195063591003418e-01,1.000000000000000000e+00
7.044187784194946289e-01,1.000000000000000000e+00
8.866381049156188965e-01,1.000000000000000000e+00
1.006420731544494629e+00,1.000000000000000000e+00
5.931481719017028809e-01,1.000000000000000000e+00
1.142788410186767578e+00,1.000000000000000000e+00
4.793127179145812988e-01,1.000000000000000000e+00
1.228251457214355469e+00,1.000000000000000000e+00
8.243567347526550293e-01,1.000000000000000000e+00
1.387159466743469238e+00,1.000000000000000000e+00
1.734818696975708008e+00,1.000000000000000000e+00
1.179292201995849609e+00,1.000000000000000000e+00
1.094735622406005859e+00,1.000000000000000000e+00
6.757555007934570312e-01,1.000000000000000000e+00
9.199831485748291016e-01,1.000000000000000000e+00
3.154828548431396484e-01,1.000000000000000000e+00
7.374044656753540039e-01,1.000000000000000000e+00
3.410680890083312988e-01,1.000000000000000000e+00
8.475040793418884277e-01,1.000000000000000000e+00
-7.953783273696899414e-01,1.000000000000000000e+00
1.177475214004516602e+00,1.000000000000000000e+00
1.510689973831176758e+00,1.000000000000000000e+00
4.047525525093078613e-01,1.000000000000000000e+00
9.994542598724365234e-01,1.000000000000000000e+00
1.605715274810791016e+00,1.000000000000000000e+00
1.046685934066772461e+00,1.000000000000000000e+00
1.507138133049011230e+00,1.000000000000000000e+00
4.589962959289550781e-01,1.000000000000000000e+00
3.612667322158813477e-01,1.000000000000000000e+00
6.681843996047973633e-01,1.000000000000000000e+00
1.225929498672485352e+00,1.000000000000000000e+00
1.215420246124267578e+00,1.000000000000000000e+00
1.085628867149353027e+00,1.000000000000000000e+00
3.639334440231323242e-01,1.000000000000000000e+00
7.824345827102661133e-01,1.000000000000000000e+00
1.351176977157592773e+00,1.000000000000000000e+00
8.045349717140197754e-01,1.000000000000000000e+00
2.586788177490234375e+00,1.000000000000000000e+00
9.930586814880371094e-02,1.000000000000000000e+00
1.475245952606201172e+00,1.000000000000000000e+00
8.913217186927795410e-01,1.000000000000000000e+00
1.032640933990478516e+00,1.000000000000000000e+00
7.382024526596069336e-01,1.000000000000000000e+00
1.470278620719909668e+00,1.000000000000000000e+00
3.808336257934570312e-01,1.000000000000000000e+00
8.146362304687500000e-01,1.000000000000000000e+00
4.918293356895446777e-01,1.000000000000000000e+00
1.120410680770874023e+00,1.000000000000000000e+00
9.832490086555480957e-01,1.000000000000000000e+00
1.012120127677917480e+00,1.000000000000000000e+00
1.295984506607055664e+00,1.000000000000000000e+00
2.185887098312377930e-01,1.000000000000000000e+00
1.639905452728271484e+00,1.000000000000000000e+00
8.888481259346008301e-01,1.000000000000000000e+00
1.024978637695312500e+00,1.000000000000000000e+00
1.109168529510498047e+00,1.000000000000000000e+00
1.509835720062255859e+00,1.000000000000000000e+00
8.091153502464294434e-01,1.000000000000000000e+00
6.375373601913452148e-01,1.000000000000000000e+00
1.289508700370788574e+00,1.000000000000000000e+00
5.582027435302734375e-01,1.000000000000000000e+00
1.038252949714660645e+00,1.000000000000000000e+00
1.136510014533996582e+00,1.000000000000000000e+00
9.823017716407775879e-01,1.000000000000000000e+00
1.837275981903076172e+00,1.000000000000000000e+00
1.639925003051757812e+00,1.000000000000000000e+00
1.139338612556457520e-01,1.000000000000000000e+00
8.129618167877197266e-01,1.000000000000000000e+00
1.389952421188354492e+00,1.000000000000000000e+00
8.267902135848999023e-01,1.000000000000000000e+00
5.650350451469421387e-01,1.000000000000000000e+00
6.651298403739929199e-01,1.000000000000000000e+00
8.646883964538574219e-01,1.000000000000000000e+00
4.938452243804931641e-01,1.000000000000000000e+00
1.520977973937988281e+00,1.000000000000000000e+00
3.700476288795471191e-01,1.000000000000000000e+00
1.338829517364501953e+00,1.000000000000000000e+00
2.079116821289062500e+00,1.000000000000000000e+00
1.651495933532714844e+00,1.000000000000000000e+00
1.113934636116027832e+00,1.000000000000000000e+00
1.330655097961425781e+00,1.000000000000000000e+00
1.640609622001647949e+00,1.000000000000000000e+00
-9.696424007415771484e-02,1.000000000000000000e+00
1.138654232025146484e+00,1.000000000000000000e+00
1.287060260772705078e+00,1.000000000000000000e+00
8.950718045234680176e-01,1.000000000000000000e+00
1.056086540222167969e+00,1.000000000000000000e+00
5.793691873550415039e-01,1.000000000000000000e+00
1.262654900550842285e+00,1.000000000000000000e+00
6.852218508720397949e-01,1.000000000000000000e+00
1.151959300041198730e+00,1.000000000000000000e+00
1.286036372184753418e-01,1.000000000000000000e+00
1.344137191772460938e+00,1.000000000000000000e+00
1.385414958000183105e+00,1.000000000000000000e+00
1.201205968856811523e+00,1.000000000000000000e+00
1.413275480270385742e+00,1.000000000000000000e+00
8.034202456474304199e-01,1.000000000000000000e+00
8.166388869285583496e-01,1.000000000000000000e+00
1.463403701782226562e+00,1.000000000000000000e+00
9.273900985717773438e-01,1.000000000000000000e+00
1.070218324661254883e+00,1.000000000000000000e+00
1.650373935699462891e+00,1.000000000000000000e+00
7.978316545486450195e-01,1.000000000000000000e+00
5.109099149703979492e-01,1.000000000000000000e+00
8.847618103027343750e-02,1.000000000000000000e+00
1.566223621368408203e+00,1.000000000000000000e+00
2.698990702629089355e-01,1.000000000000000000e+00
1.247686505317687988e+00,1.000000000000000000e+00
1.160600185394287109e+00,1.000000000000000000e+00
4.179886579513549805e-01,1.000000000000000000e+00
-1.350928544998168945e-01,1.000000000000000000e+00
7.514486312866210938e-01,1.000000000000000000e+00
5.522425174713134766e-01,1.000000000000000000e+00
7.204431891441345215e-01,1.000000000000000000e+00
3.975329399108886719e-01,1.000000000000000000e+00
7.398083806037902832e-01,1.000000000000000000e+00
1.541220545768737793e+00,1.000000000000000000e+00
1.371685743331909180e+00,1.000000000000000000e+00
5.841217041015625000e-01,1.000000000000000000e+00
1.338075995445251465e+00,1.000000000000000000e+00
1.002971887588500977e+00,1.000000000000000000e+00
5.684434771537780762e-01,1.000000000000000000e+00
1.006636738777160645e+00,1.000000000000000000e+00
1.135523319244384766e+00,1.000000000000000000e+00
8.611465692520141602e-01,1.000000000000000000e+00
3.062997460365295410e-01,1.000000000000000000e+00
3.744735121726989746e-01,1.000000000000000000e+00
5.287146568298339844e-01,1.000000000000000000e+00
1.570441007614135742e+00,1.000000000000000000e+00
1.304872751235961914e+00,1.000000000000000000e+00
3.931298851966857910e-01,1.000000000000000000e+00
1.280987262725830078e+00,1.000000000000000000e+00
-6.636321544647216797e-02,1.000000000000000000e+00
9.578469991683959961e-01,1.000000000000000000e+00
1.098162770271301270e+00,1.000000000000000000e+00
1.355439901351928711e+00,1.000000000000000000e+00
1.685826063156127930e+00,1.000000000000000000e+00
1.007544398307800293e+00,1.000000000000000000e+00
1.630043148994445801e+00,1.000000000000000000e+00
1.307275652885437012e+00,1.000000000000000000e+00
8.703545331954956055e-01,1.000000000000000000e+00
3.889067173004150391e-01,1.000000000000000000e+00
9.456460475921630859e-01,1.000000000000000000e+00
1.095248222351074219e+00,1.000000000000000000e+00
8.467928171157836914e-01,1.000000000000000000e+00
5.774428844451904297e-01,1.000000000000000000e+00
6.050677299499511719e-01,1.000000000000000000e+00
1.121875643730163574e+00,1.000000000000000000e+00
7.096288204193115234e-01,1.000000000000000000e+00
1.073698520660400391e+00,1.000000000000000000e+00
1.090668678283691406e+00,1.000000000000000000e+00
8.316897749900817871e-01,1.000000000000000000e+00
8.212121129035949707e-01,1.000000000000000000e+00
4.721709489822387695e-01,1.000000000000000000e+00
7.875466942787170410e-01,1.000000000000000000e+00
1.306755304336547852e+00,1.000000000000000000e+00
-3.236279487609863281e-01,1.000000000000000000e+00
1.266291618347167969e+00,1.000000000000000000e+00
8.469492197036743164e-01,1.000000000000000000e+00
1.213107585906982422e+00,1.000000000000000000e+00
1.036371946334838867e+00,1.000000000000000000e+00
6.169443130493164062e-01,1.000000000000000000e+00
7.937694191932678223e-01,1.000000000000000000e+00
6.925284862518310547e-01,1.000000000000000000e+00
9.897942543029785156e-01,1.000000000000000000e+00
1.217600941658020020e+00,1.000000000000000000e+00
6.150671243667602539e-01,1.000000000000000000e+00
1.725424647331237793e+00,1.000000000000000000e+00
1.424653053283691406e+00,1.000000000000000000e+00
2.497481107711791992e-01,1.000000000000000000e+00
8.604742288589477539e-01,1.000000000000000000e+00
2.701268792152404785e-01,1.000000000000000000e+00
4.044549465179443359e-01,1.000000000000000000e+00
8.552104234695434570e-01,1.000000000000000000e+00
1.289725303649902344e-01,1.000000000000000000e+00
1.155747771263122559e+00,1.000000000000000000e+00
6.686041355133056641e-01,1.000000000000000000e+00
4.656839370727539062e-01,1.000000000000000000e+00
2.501025676727294922e+00,1.000000000000000000e+00
3.954744935035705566e-01,1.000000000000000000e+00
1.488799929618835449e+00,1.000000000000000000e+00
5.572876930236816406e-01,1.000000000000000000e+00
1.626324892044067383e+00,1.000000000000000000e+00
1.309327602386474609e+00,1.000000000000000000e+00
1.350700855255126953e+00,1.000000000000000000e+00
8.923488855361938477e-01,1.000000000000000000e+00
1.324571371078491211e+00,1.000000000000000000e+00
1.249037861824035645e+00,1.000000000000000000e+00
5.549435615539550781e-01,1.000000000000000000e+00
1.151583552360534668e+00,1.000000000000000000e+00
1.348271012306213379e+00,1.000000000000000000e+00
1.535040259361267090e+00,1.000000000000000000e+00
9.953928589820861816e-01,1.000000000000000000e+00
6.452137231826782227e-01,1.000000000000000000e+00
6.235039234161376953e-01,1.000000000000000000e+00
1.064255356788635254e+00,1.000000000000000000e+00
1.114369511604309082e+00,1.000000000000000000e+00
5.613310337066650391e-01,1.000000000000000000e+00
1.941954135894775391e+00,1.000000000000000000e+00
6.843186616897583008e-01,1.000000000000000000e+00
5.557693243026733398e-01,1.000000000000000000e+00
1.309150457382202148e+00,1.000000000000000000e+00
8.564585447311401367e-02,1.000000000000000000e+00
1.933532238006591797e+00,1.000000000000000000e+00
1.197905302047729492e+00,1.000000000000000000e+00
1.347302436828613281e+00,1.000000000000000000e+00
6.230167150497436523e-01,1.000000000000000000e+00
5.080162286758422852e-01,1.000000000000000000e+00
2.011792182922363281e+00,1.000000000000000000e+00
1.280464768409729004e+00,1.000000000000000000e+00
7.196969985961914062e-01,1.000000000000000000e+00
5.787394046783447266e-01,1.000000000000000000e+00
8.128991127014160156e-01,1.000000000000000000e+00
2.007777214050292969e+00,1.000000000000000000e+00
3.338385820388793945e-01,1.000000000000000000e+00
1.866806268692016602e+00,1.000000000000000000e+00
1.342650413513183594e+00,1.000000000000000000e+00
1.300078749656677246e+00,1.000000000000000000e+00
1.661929488182067871e-01,1.000000000000000000e+00
-2.185651063919067383e-01,1.000000000000000000e+00
1.572312355041503906e+00,1.000000000000000000e+00
1.337111234664916992e+00,1.000000000000000000e+00
1.325793743133544922e+00,1.000000000000000000e+00
5.693270564079284668e-01,1.000000000000000000e+00
8.250204920768737793e-01,1.000000000000000000e+00
1.236225724220275879e+00,1.000000000000000000e+00
2.010292053222656250e+00,1.000000000000000000e+00
3.861128687858581543e-01,1.000000000000000000e+00
1.073437929153442383e-02,1.000000000000000000e+00
5.550599098205566406e-01,1.000000000000000000e+00
1.227339506149291992e+00,1.000000000000000000e+00
1.341869235038757324e-01,1.000000000000000000e+00
1.032250761985778809e+00,1.000000000000000000e+00
3.434278964996337891e-01,1.000000000000000000e+00
1.119014024734497070e+00,1.000000000000000000e+00
1.012892007827758789e+00,1.000000000000000000e+00
1.564485788345336914e+00,1.000000000000000000e+00
1.124479770660400391e+00,1.000000000000000000e+00
1.194480419158935547e+00,1.000000000000000000e+00
1.187783002853393555e+00,1.000000000000000000e+00
1.148174762725830078e+00,1.000000000000000000e+00
1.174299478530883789e+00,1.000000000000000000e+00
1.504368901252746582e+00,1.000000000000000000e+00
1.387301206588745117e+00,1.000000000000000000e+00
9.453297853469848633e-01,1.000000000000000000e+00
1.051598668098449707e+00,1.000000000000000000e+00
-9.636187553405761719e-02,1.000000000000000000e+00
7.812511920928955078e-01,1.000000000000000000e+00
1.381883740425109863e+00,1.000000000000000000e+00
1.718711495399475098e+00,1.000000000000000000e+00
5.860353708267211914e-01,1.000000000000000000e+00
8.008751869201660156e-01,1.000000000000000000e+00
9.596199393272399902e-01,1.000000000000000000e+00
1.348183274269104004e+00,1.000000000000000000e+00
8.958691358566284180e-01,1.000000000000000000e+00
1.948715925216674805e+00,1.000000000000000000e+00
4.792783856391906738e-01,1.000000000000000000e+00
1.106432795524597168e+00,1.000000000000000000e+00
7.904441356658935547e-01,1.000000000000000000e+00
3.924915194511413574e-01,1.000000000000000000e+00
1.202138066291809082e+00,1.000000000000000000e+00
1.748524904251098633e+00,1.000000000000000000e+00
1.269745349884033203e+00,1.000000000000000000e+00
1.075039625167846680e+00,1.000000000000000000e+00
1.243415236473083496e+00,1.000000000000000000e+00
5.020880699157714844e-01,1.000000000000000000e+00
1.819217920303344727e+00,1.000000000000000000e+00
9.446042776107788086e-01,1.000000000000000000e+00
7.899791598320007324e-01,1.000000000000000000e+00
9.634681344032287598e-01,1.000000000000000000e+00
-2.145510911941528320e-01,1.000000000000000000e+00
-1.363990306854248047e-01,1.000000000000000000e+00
1.455659627914428711e+00,1.000000000000000000e+00
1.303647041320800781e+00,1.000000000000000000e+00
1.658676385879516602e+00,1.000000000000000000e+00
1.568482160568237305e+00,1.000000000000000000e+00
1.227345824241638184e+00,1.000000000000000000e+00
8.581736683845520020e-01,1.000000000000000000e+00
5.989687442779541016e-01,1.000000000000000000e+00
6.272493600845336914e-01,1.000000000000000000e+00
6.448043584823608398e-01,1.000000000000000000e+00
2.087230682373046875e-01,1.000000000000000000e+00
1.600534319877624512e-01,1.000000000000000000e+00
1.254452347755432129e+00,1.000000000000000000e+00
1.119516491889953613e+00,1.000000000000000000e+00
7.506189942359924316e-01,1.000000000000000000e+00
4.021624326705932617e-01,1.000000000000000000e+00
1.522708654403686523e+00,1.000000000000000000e+00
1.315815210342407227e+00,1.000000000000000000e+00
3.654983043670654297e-01,1.000000000000000000e+00
1.027925133705139160e+00,1.000000000000000000e+00
1.162926554679870605e+00,1.000000000000000000e+00
1.018253564834594727e+00,1.000000000000000000e+00
